{
    "sentiment_score": 0.5967788774995695,
    "memory": {
        "love": {
            "count": 7,
            "decay": 0.5133420832795047
        },
        "war": {
            "count": 2,
            "decay": 0.35848592240854177
        },
        "hello": {
            "count": 5,
            "decay": 0.5403600876626365
        },
        "peace": {
            "count": 1,
            "decay": 0.16608338398760714
        },
        "jealous": {
            "count": 1,
            "decay": 0.17482461472379698
        },
        "fire": {
            "count": 1,
            "decay": 0.46329123015975293
        },
        "trust": {
            "count": 1,
            "decay": 0.48767497911552943
        },
        "joy": {
            "count": 1,
            "decay": 0.5688000922764596
        },
        "jolly": {
            "count": 1,
            "decay": 0.5987369392383786
        },
        "fun": {
            "count": 1,
            "decay": 0.6302494097246091
        },
        "wee": {
            "count": 1,
            "decay": 0.6634204312890623
        },
        "hell": {
            "count": 1,
            "decay": 0.6983372960937497
        },
        "death": {
            "count": 1,
            "decay": 0.7350918906249998
        },
        "demise": {
            "count": 1,
            "decay": 0.7737809374999999
        },
        "joust": {
            "count": 1,
            "decay": 0.8145062499999999
        },
        "kin": {
            "count": 1,
            "decay": 0.8145062499999999,
            "adjusted_sentiment": 0.505,
            "weight": 1.05,
            "historical": false
        },
        "heat": {
            "count": 1,
            "decay": 0.8573749999999999,
            "adjusted_sentiment": 0.005000000000000001,
            "weight": 1.05,
            "historical": false
        },
        "life": {
            "count": 1,
            "decay": 0.9025,
            "adjusted_sentiment": 0.505,
            "weight": 1.05,
            "historical": false
        },
        "belong": {
            "count": 1,
            "decay": 0.95,
            "adjusted_sentiment": 0.805,
            "weight": 1.05,
            "historical": false
        }
    },
    "word_effects": {
        "love": -0.6,
        "war": -0.8,
        "trust": -0.7,
        "forgiveness": -0.6,
        "hope": 0.1,
        "unity": 0.15,
        "strength": 0.5,
        "wisdom": 0.6,
        "betrayal": -0.2,
        "hello": 0.5,
        "peace": 0.6245809808886984,
        "jealous": 0.0,
        "kill": 0.0,
        "help": 0.0,
        "no": 0.0,
        "haiku": 0.0,
        "death": 0.0,
        "die": 0.0,
        "dump": 0.0,
        "yo": 0.0,
        "dog": 0.8,
        "cat": 0.5,
        "longing": 0.2,
        "perserverence": 0.8,
        "tragedy": -1.0,
        "fire": 0.0,
        "joy": 1.0,
        "jolly": 0.8,
        "fun": 0.8,
        "wee": 0.5,
        "hell": -0.8,
        "demise": -1.0,
        "joust": 0.2,
        "kin": 0.5,
        "heat": 0.0,
        "life": 0.5,
        "belong": 0.8
    }
}