{
    "sentiment_score": 0.17848165340522373,
    "memory": {
        "love": {
            "count": 7,
            "decay": 0.5987369392383786
        },
        "war": {
            "count": 2,
            "decay": 0.41812033521917696
        },
        "hello": {
            "count": 5,
            "decay": 0.6302494097246091
        },
        "peace": {
            "count": 1,
            "decay": 0.1937114844585008
        },
        "jealous": {
            "count": 1,
            "decay": 0.20390682574579033
        },
        "fire": {
            "count": 1,
            "decay": 0.5403600876626365
        },
        "trust": {
            "count": 1,
            "decay": 0.5688000922764596
        },
        "joy": {
            "count": 1,
            "decay": 0.6634204312890623
        },
        "jolly": {
            "count": 1,
            "decay": 0.6983372960937497
        },
        "fun": {
            "count": 1,
            "decay": 0.7350918906249998
        },
        "wee": {
            "count": 1,
            "decay": 0.7737809374999999
        },
        "hell": {
            "count": 1,
            "decay": 0.8145062499999999
        },
        "death": {
            "count": 1,
            "decay": 0.8573749999999999
        },
        "demise": {
            "count": 1,
            "decay": 0.9025
        },
        "joust": {
            "count": 1,
            "decay": 0.95
        },
        "kin": {
            "count": 1,
            "decay": 0.95,
            "adjusted_sentiment": 0.505,
            "weight": 1.05,
            "historical": false
        }
    },
    "word_effects": {
        "love": -0.6,
        "war": -0.8,
        "trust": -0.7,
        "forgiveness": -0.6,
        "hope": 0.1,
        "unity": 0.15,
        "strength": 0.5,
        "wisdom": 0.6,
        "betrayal": -0.2,
        "hello": 0.5,
        "peace": 0.6245809808886984,
        "jealous": 0.0,
        "kill": 0.0,
        "help": 0.0,
        "no": 0.0,
        "haiku": 0.0,
        "death": 0.0,
        "die": 0.0,
        "dump": 0.0,
        "yo": 0.0,
        "dog": 0.8,
        "cat": 0.5,
        "longing": 0.2,
        "perserverence": 0.8,
        "tragedy": -1.0,
        "fire": 0.0,
        "joy": 1.0,
        "jolly": 0.8,
        "fun": 0.8,
        "wee": 0.5,
        "hell": -0.8,
        "demise": -1.0,
        "joust": 0.2,
        "kin": 0.5
    }
}