{
    "sentiment_score": -0.17945556855959513,
    "memory": {
        "love": {
            "count": 6,
            "decay": 0.3235335449737089
        },
        "war": {
            "count": 2,
            "decay": 0.8145062499999999
        },
        "hello": {
            "count": 4,
            "decay": 0.6983372960937497
        },
        "peace": {
            "count": 1,
            "decay": 0.37735360253530714
        },
        "jealous": {
            "count": 1,
            "decay": 0.3972143184582181
        }
    },
    "word_effects": {
        "love": -0.6,
        "war": -0.8,
        "trust": -0.7,
        "forgiveness": -0.6,
        "hope": 0.1,
        "unity": 0.15,
        "strength": 0.5,
        "wisdom": 0.6,
        "betrayal": -0.2,
        "hello": 0.5,
        "peace": 0.6245809808886984,
        "jealous": 0.0,
        "kill": 0.0,
        "help": 0.0,
        "no": 0.0,
        "haiku": 0.0,
        "death": 0.0,
        "die": 0.0,
        "dump": 0.0,
        "yo": 0.0,
        "dog": 0.8,
        "cat": 0.5,
        "longing": 0.2,
        "perserverence": 0.8,
        "tragedy": -1.0
    }
}